,IDP_name,regressor,coef_,p_fdr,p_raw,phenotype,confounds,Dataset,score (R2)
0,lh_caudalanteriorcingulate_area,IDP (feature),0.1164408096536062,0.9528317768468428,0.10774951230525254,hamd_total,,ANXPE,0.01355846215278722
1,lh_caudalanteriorcingulate_area,IDP (feature),0.18204834301736963,0.7227772814368567,0.011497011293227333,neo_v2,,ANXPE,0.03314159919536985
2,lh_caudalanteriorcingulate_thickness,IDP (feature),-0.10037626965789975,0.9528317768468428,0.1659689370743027,hamd_total,,ANXPE,0.010075395510435348
3,lh_caudalanteriorcingulate_thickness,IDP (feature),-0.009614265154965912,0.9922869780263421,0.894705640219676,neo_v2,,ANXPE,9.243409447001749e-05
4,lh_caudalanteriorcingulate_volume,IDP (feature),0.08570081758462035,0.9528317768468428,0.23723476426356038,hamd_total,,ANXPE,0.0073446301346722365
5,lh_caudalanteriorcingulate_volume,IDP (feature),0.1817028273468858,0.7227772814368567,0.011657698087691237,neo_v2,,ANXPE,0.033015917465852085
6,lh_caudalmiddlefrontal_area,IDP (feature),0.03508091869852001,0.9528317768468428,0.629046034766825,hamd_total,,ANXPE,0.00123067085673223
7,lh_caudalmiddlefrontal_area,IDP (feature),0.05694351670803423,0.9922869780263421,0.43273683475354874,neo_v2,,ANXPE,0.003242564095078171
8,lh_caudalmiddlefrontal_thickness,IDP (feature),-0.06242638347454006,0.9528317768468428,0.3896808865495398,hamd_total,,ANXPE,0.003897053353710489
9,lh_caudalmiddlefrontal_thickness,IDP (feature),-0.031661835138245845,0.9922869780263421,0.6628630291219864,neo_v2,,ANXPE,0.0010024718043214476
10,lh_caudalmiddlefrontal_volume,IDP (feature),-0.0009217083393732189,0.9952272612690563,0.989876577068685,hamd_total,,ANXPE,8.495462628932415e-07
11,lh_caudalmiddlefrontal_volume,IDP (feature),0.041624724385780874,0.9922869780263421,0.5664745356263259,neo_v2,,ANXPE,0.0017326176801921722
12,lh_cuneus_area,IDP (feature),-0.06577516480286527,0.9528317768468428,0.3647040783680331,hamd_total,,ANXPE,0.004326372304844117
13,lh_cuneus_area,IDP (feature),-0.04850252462224561,0.9922869780263421,0.5040854544619342,neo_v2,,ANXPE,0.0023524948947316604
14,lh_cuneus_thickness,IDP (feature),-0.04674506643688915,0.9528317768468428,0.5196784668450434,hamd_total,,ANXPE,0.002185101236189091
15,lh_cuneus_thickness,IDP (feature),0.01673954080007321,0.9922869780263421,0.8177410272123331,neo_v2,,ANXPE,0.00028021222619734054
16,lh_cuneus_volume,IDP (feature),-0.07066663770294834,0.9528317768468428,0.33005164291320144,hamd_total,,ANXPE,0.0049937736842397
17,lh_cuneus_volume,IDP (feature),-0.046244302619804854,0.9922869780263421,0.5241662462777392,neo_v2,,ANXPE,0.002138535524792151
18,lh_entorhinal_area,IDP (feature),0.03784141190873592,0.9528317768468428,0.6022910448665169,hamd_total,,ANXPE,0.0014319724552467328
19,lh_entorhinal_area,IDP (feature),-0.021293456076272636,0.9922869780263421,0.769401886781611,neo_v2,,ANXPE,0.00045341127167197737
20,lh_entorhinal_thickness,IDP (feature),-0.009207187248169305,0.972325547843972,0.8991397539202322,hamd_total,,ANXPE,8.477229702286149e-05
21,lh_entorhinal_thickness,IDP (feature),0.0067402057074994245,0.9922869780263421,0.9260734043063998,neo_v2,,ANXPE,4.543037297943808e-05
22,lh_entorhinal_volume,IDP (feature),0.01661862585589834,0.9528317768468428,0.8190348266641923,hamd_total,,ANXPE,0.00027617872533847176
23,lh_entorhinal_volume,IDP (feature),-0.025680622406865212,0.9922869780263421,0.7236567944837575,neo_v2,,ANXPE,0.0006594943672039166
24,lh_fusiform_area,IDP (feature),-0.08901290900647696,0.9528317768468428,0.21952818835540477,hamd_total,,ANXPE,0.007923297969795295
25,lh_fusiform_area,IDP (feature),-0.05214082123868789,0.9922869780263421,0.47259985448853215,neo_v2,,ANXPE,0.002718665239444862
26,lh_fusiform_thickness,IDP (feature),-0.09391759388183732,0.9528317768468428,0.1950690944852025,hamd_total,,ANXPE,0.008820514440553762
27,lh_fusiform_thickness,IDP (feature),-0.04152929523766056,0.9922869780263421,0.5673653672389587,neo_v2,,ANXPE,0.0017246823629369912
28,lh_fusiform_volume,IDP (feature),-0.10425605823489952,0.9528317768468428,0.15012058281519414,hamd_total,,ANXPE,0.010869325678678932
29,lh_fusiform_volume,IDP (feature),-0.05277569651329576,0.9922869780263421,0.46721793879487694,neo_v2,,ANXPE,0.002785274142463434
30,lh_inferiorparietal_area,IDP (feature),0.0373762837127544,0.9528317768468428,0.6067633828972041,hamd_total,,ANXPE,0.0013969865841764184
31,lh_inferiorparietal_area,IDP (feature),0.02073638784123584,0.9922869780263421,0.7752716425357487,neo_v2,,ANXPE,0.00042999778070207384
32,lh_inferiorparietal_thickness,IDP (feature),-0.05944902711640506,0.9528317768468428,0.41273189733480375,hamd_total,,ANXPE,0.0035341868250872155
33,lh_inferiorparietal_thickness,IDP (feature),0.01943706432847306,0.9922869780263421,0.7890115144857757,neo_v2,,ANXPE,0.00037779946970917244
34,lh_inferiorparietal_volume,IDP (feature),0.01815549914481821,0.9528317768468428,0.8026276962255592,hamd_total,,ANXPE,0.0003296221491975171
35,lh_inferiorparietal_volume,IDP (feature),0.021853764050782147,0.9922869780263421,0.7635111903197829,neo_v2,,ANXPE,0.0004775870031872298
36,lh_inferiortemporal_area,IDP (feature),0.04600612138941184,0.9528317768468428,0.5263076891859635,hamd_total,,ANXPE,0.002116563205297406
37,lh_inferiortemporal_area,IDP (feature),0.08352610587269918,0.9922869780263421,0.24939177371604693,neo_v2,,ANXPE,0.006976610362257385
38,lh_inferiortemporal_thickness,IDP (feature),-0.04140747236881379,0.9528317768468428,0.5685035507366918,hamd_total,,ANXPE,0.0017145787679740954
39,lh_inferiortemporal_thickness,IDP (feature),-0.13660235612117577,0.9922869780263421,0.05884845787222459,neo_v2,,ANXPE,0.018660203697856703
40,lh_inferiortemporal_volume,IDP (feature),0.027248778504351055,0.9528317768468428,0.7075308443357393,hamd_total,,ANXPE,0.0007424959299792144
41,lh_inferiortemporal_volume,IDP (feature),0.024253544524180395,0.9922869780263421,0.7384387326226021,neo_v2,,ANXPE,0.0005882344219865221
42,lh_isthmuscingulate_area,IDP (feature),0.12257430246965506,0.9528317768468428,0.09031444995516358,hamd_total,,ANXPE,0.01502445962592236
43,lh_isthmuscingulate_area,IDP (feature),0.1491265759990855,0.9922869780263421,0.038977622674616574,neo_v2,,ANXPE,0.022238735669211196
44,lh_isthmuscingulate_thickness,IDP (feature),-0.11877210652884211,0.9528317768468428,0.10083457601330204,hamd_total,,ANXPE,0.014106813289298747
45,lh_isthmuscingulate_thickness,IDP (feature),-0.1649851706938569,0.9922869780263421,0.02220354237108646,neo_v2,,ANXPE,0.027220106548881073
46,lh_isthmuscingulate_volume,IDP (feature),0.08605356182707508,0.9528317768468428,0.2353027086488979,hamd_total,,ANXPE,0.007405215503126228
47,lh_isthmuscingulate_volume,IDP (feature),0.09666843708937296,0.9922869780263421,0.18225092130618803,neo_v2,,ANXPE,0.009344786729302168
48,lh_lateraloccipital_area,IDP (feature),0.012776396502039338,0.9528317768468428,0.8603834393322942,hamd_total,,ANXPE,0.000163236307577308
49,lh_lateraloccipital_area,IDP (feature),-0.019684531926606498,0.9922869780263421,0.786389467733132,neo_v2,,ANXPE,0.0003874807971696592
50,lh_lateraloccipital_thickness,IDP (feature),-0.02444722266882934,0.9528317768468428,0.7364268033661641,hamd_total,,ANXPE,0.0005976666962193011
51,lh_lateraloccipital_thickness,IDP (feature),0.02646608649035784,0.9922869780263421,0.715563828108817,neo_v2,,ANXPE,0.0007004537341150918
52,lh_lateraloccipital_volume,IDP (feature),0.020120514254234386,0.9528317768468428,0.7817758689735506,hamd_total,,ANXPE,0.0004048350938549161
53,lh_lateraloccipital_volume,IDP (feature),-0.0006760381166835507,0.9925747618294349,0.9925747618294349,neo_v2,,ANXPE,4.5702753515008965e-07
54,lh_lateralorbitofrontal_area,IDP (feature),0.06447153147178483,0.9528317768468428,0.37430684117827395,hamd_total,,ANXPE,0.004156578370317465
55,lh_lateralorbitofrontal_area,IDP (feature),0.059847749750396584,0.9922869780263421,0.4095992657947227,neo_v2,,ANXPE,0.003581753150186162
56,lh_lateralorbitofrontal_thickness,IDP (feature),-0.07877042530606827,0.9528317768468428,0.27746300711543626,hamd_total,,ANXPE,0.006204779902898694
57,lh_lateralorbitofrontal_thickness,IDP (feature),-0.013761210758276708,0.9922869780263421,0.8497442518421097,neo_v2,,ANXPE,0.00018937092153370472
58,lh_lateralorbitofrontal_volume,IDP (feature),0.033254187999658756,0.9528317768468428,0.6470233471601405,hamd_total,,ANXPE,0.0011058410195167179
59,lh_lateralorbitofrontal_volume,IDP (feature),0.07004379043782011,0.9922869780263421,0.3343425960241775,neo_v2,,ANXPE,0.004906132578897271
60,lh_lingual_area,IDP (feature),0.014405272799599845,0.9528317768468428,0.8428008213678737,hamd_total,,ANXPE,0.00020751188443091095
61,lh_lingual_area,IDP (feature),0.01930795948859228,0.9922869780263421,0.7903803905447708,neo_v2,,ANXPE,0.0003727972996131479
62,lh_lingual_thickness,IDP (feature),-0.11026133691021807,0.9528317768468428,0.12788505137742745,hamd_total,,ANXPE,0.012157562417228651
63,lh_lingual_thickness,IDP (feature),-0.02023096558915456,0.9922869780263421,0.7806082658052613,neo_v2,,ANXPE,0.0004092919686695673
64,lh_lingual_volume,IDP (feature),-0.027945755468963718,0.9528317768468428,0.7004046297636606,hamd_total,,ANXPE,0.0007809652487311691
65,lh_lingual_volume,IDP (feature),0.0037066530350415307,0.9922869780263421,0.9593050584858973,neo_v2,,ANXPE,1.3739276722213312e-05
66,lh_medialorbitofrontal_area,IDP (feature),0.05559422460040877,0.9528317768468428,0.44373672737124004,hamd_total,,ANXPE,0.0030907178089205622
67,lh_medialorbitofrontal_area,IDP (feature),-0.0028769454286609254,0.9922869780263421,0.9684089231566904,neo_v2,,ANXPE,8.27681499948607e-06
68,lh_medialorbitofrontal_thickness,IDP (feature),-0.013201413141073544,0.9528317768468428,0.8557886801942685,hamd_total,,ANXPE,0.0001742773089212779
69,lh_medialorbitofrontal_thickness,IDP (feature),0.06445192878563852,0.9922869780263421,0.3744524113339587,neo_v2,,ANXPE,0.004154051124189206
70,lh_medialorbitofrontal_volume,IDP (feature),0.06458194268964343,0.9528317768468428,0.37348757276921707,hamd_total,,ANXPE,0.004170827321568371
71,lh_medialorbitofrontal_volume,IDP (feature),0.015967155081749895,0.9922869780263421,0.8260139450649264,neo_v2,,ANXPE,0.0002549500414046335
72,lh_middletemporal_area,IDP (feature),0.09291856341603143,0.9528317768468428,0.1998829934431814,hamd_total,,ANXPE,0.008633859427298995
73,lh_middletemporal_area,IDP (feature),0.11556816094910473,0.9922869780263421,0.11043172400200163,neo_v2,,ANXPE,0.013355999825158116
74,lh_middletemporal_thickness,IDP (feature),-0.006553316631959544,0.979736585794144,0.9281176148098602,hamd_total,,ANXPE,4.2945958878548574e-05
75,lh_middletemporal_thickness,IDP (feature),0.007267663432101115,0.9922869780263421,0.9203066760777854,neo_v2,,ANXPE,5.2818931762455e-05
76,lh_middletemporal_volume,IDP (feature),0.08021492365852273,0.9528317768468428,0.2687196756092307,hamd_total,,ANXPE,0.00643443397754262
77,lh_middletemporal_volume,IDP (feature),0.11401956938626577,0.9922869780263421,0.11532003903091015,neo_v2,,ANXPE,0.013000462203029306
78,lh_parahippocampal_area,IDP (feature),0.07211935653247674,0.9528317768468428,0.32018162615638257,hamd_total,,ANXPE,0.005201201586658488
79,lh_parahippocampal_area,IDP (feature),0.011533131221900387,0.9922869780263421,0.8738504886070784,neo_v2,,ANXPE,0.00013301311578151065
80,lh_parahippocampal_thickness,IDP (feature),-0.06666624256694496,0.9528317768468428,0.35822896141094507,hamd_total,,ANXPE,0.004444387897994506
81,lh_parahippocampal_thickness,IDP (feature),0.010553609216625608,0.9922869780263421,0.8844864666856742,neo_v2,,ANXPE,0.00011137866749721947
82,lh_parahippocampal_volume,IDP (feature),-0.0045242681485089965,0.979736585794144,0.9503390193343042,hamd_total,,ANXPE,2.046900227969939e-05
83,lh_parahippocampal_volume,IDP (feature),0.009490518616307396,0.9922869780263421,0.896053215936023,neo_v2,,ANXPE,9.00699436066077e-05
84,lh_paracentral_area,IDP (feature),-0.03299652826581485,0.9528317768468428,0.6495758827897524,hamd_total,,ANXPE,0.0010887708775966232
85,lh_paracentral_area,IDP (feature),0.020968194161269077,0.9922869780263421,0.7728275604066723,neo_v2,,ANXPE,0.0004396651663847173
86,lh_paracentral_thickness,IDP (feature),-0.013188058332398273,0.9528317768468428,0.8559329830845817,hamd_total,,ANXPE,0.0001739248825787243
87,lh_paracentral_thickness,IDP (feature),0.04600104783683537,0.9922869780263421,0.5263533527353448,neo_v2,,ANXPE,0.0021160964020868755
88,lh_paracentral_volume,IDP (feature),-0.04272674285728829,0.9528317768468428,0.5562357131954783,hamd_total,,ANXPE,0.0018255745551928326
89,lh_paracentral_volume,IDP (feature),0.05232527727317841,0.9922869780263421,0.47103271692246684,neo_v2,,ANXPE,0.002737934641714901
90,lh_parsopercularis_area,IDP (feature),0.14146836541595842,0.9528317768468428,0.05031245944593277,hamd_total,,ANXPE,0.02001329841346311
91,lh_parsopercularis_area,IDP (feature),0.10886164578376781,0.9922869780263421,0.13282571399831533,neo_v2,,ANXPE,0.011850857922750535
92,lh_parsopercularis_thickness,IDP (feature),-0.01921948445831465,0.9528317768468428,0.7913188467449932,hamd_total,,ANXPE,0.0003693885828432997
93,lh_parsopercularis_thickness,IDP (feature),0.01479147503384108,0.9922869780263421,0.8386430677111056,neo_v2,,ANXPE,0.00021878773367678406
94,lh_parsopercularis_volume,IDP (feature),0.13288283000011789,0.9528317768468428,0.06614911721785344,hamd_total,,ANXPE,0.01765784650884017
95,lh_parsopercularis_volume,IDP (feature),0.1114873130344103,0.9922869780263421,0.12367513150505571,neo_v2,,ANXPE,0.012429420967632554
96,lh_parsorbitalis_area,IDP (feature),0.10074854412673429,0.9528317768468428,0.16439616494974363,hamd_total,,ANXPE,0.010150269143656354
97,lh_parsorbitalis_area,IDP (feature),0.07577518950069993,0.9922869780263421,0.29619947092738563,neo_v2,,ANXPE,0.00574187934386694
98,lh_parsorbitalis_thickness,IDP (feature),-0.02137067908787556,0.9528317768468428,0.7685892231847067,hamd_total,,ANXPE,0.0004567059246768368
99,lh_parsorbitalis_thickness,IDP (feature),-0.0032427358079432423,0.9922869780263421,0.9643947599093394,neo_v2,,ANXPE,1.0515335520100422e-05
100,lh_parsorbitalis_volume,IDP (feature),0.0904868830354481,0.9528317768468428,0.21195862262045417,hamd_total,,ANXPE,0.008187876001470862
101,lh_parsorbitalis_volume,IDP (feature),0.06299827899387482,0.9922869780263421,0.385343856671438,neo_v2,,ANXPE,0.003968783156190203
102,lh_parstriangularis_area,IDP (feature),0.07989320213531798,0.9528317768468428,0.2706505715702099,hamd_total,,ANXPE,0.0063829237474346545
103,lh_parstriangularis_area,IDP (feature),0.06433234298800378,0.9922869780263421,0.3753412111693448,neo_v2,,ANXPE,0.0041386503543262565
104,lh_parstriangularis_thickness,IDP (feature),-0.07250538950017002,0.9528317768468428,0.31759138939681697,hamd_total,,ANXPE,0.005257031506571197
105,lh_parstriangularis_thickness,IDP (feature),0.013647819387579925,0.9922869780263421,0.8509679024191543,neo_v2,,ANXPE,0.00018626297403590009
106,lh_parstriangularis_volume,IDP (feature),0.027182123392808254,0.9528317768468428,0.7082137022569528,hamd_total,,ANXPE,0.0007388678321418318
107,lh_parstriangularis_volume,IDP (feature),0.04426930361999145,0.9922869780263421,0.5420559917988115,neo_v2,,ANXPE,0.0019597712429990644
108,lh_pericalcarine_area,IDP (feature),-0.034198725532465654,0.9528317768468428,0.6377015435654776,hamd_total,,ANXPE,0.001169552828044762
109,lh_pericalcarine_area,IDP (feature),-0.03242686851266053,0.9922869780263421,0.6552337544938722,neo_v2,,ANXPE,0.0010515018015373467
110,lh_pericalcarine_thickness,IDP (feature),-0.07104361711573133,0.9528317768468428,0.32747179794818715,hamd_total,,ANXPE,0.0050471955328865725
111,lh_pericalcarine_thickness,IDP (feature),-0.09712893567752269,0.9922869780263421,0.1801671244526395,neo_v2,,ANXPE,0.009434030145848427
112,lh_pericalcarine_volume,IDP (feature),-0.05276605078579701,0.9528317768468428,0.46729945378177407,hamd_total,,ANXPE,0.002784256115529349
113,lh_pericalcarine_volume,IDP (feature),-0.06592116389976187,0.9922869780263421,0.3636382187379179,neo_v2,,ANXPE,0.004345599849899351
114,lh_postcentral_area,IDP (feature),0.062137221878906565,0.9528317768468428,0.39188493954163817,hamd_total,,ANXPE,0.0038610343428283622
115,lh_postcentral_area,IDP (feature),0.107730988142615,0.9922869780263421,0.13692273509934294,neo_v2,,ANXPE,0.011605965806184115
116,lh_postcentral_thickness,IDP (feature),-0.03963542040959584,0.9528317768468428,0.5851809135591592,hamd_total,,ANXPE,0.001570966551045383
117,lh_postcentral_thickness,IDP (feature),0.04840652588001604,0.9922869780263421,0.5049308320744839,neo_v2,,ANXPE,0.002343191747772755
118,lh_postcentral_volume,IDP (feature),0.027751112765510552,0.9528317768468428,0.7023921472292418,hamd_total,,ANXPE,0.0007701242597241142
119,lh_postcentral_volume,IDP (feature),0.10989537323385036,0.9922869780263421,0.12916293712141313,neo_v2,,ANXPE,0.012076993058207308
120,lh_posteriorcingulate_area,IDP (feature),0.13500442468235152,0.9528317768468428,0.06189918398147354,hamd_total,,ANXPE,0.018226194683812702
121,lh_posteriorcingulate_area,IDP (feature),0.07656615801380239,0.9922869780263421,0.29117191193533665,neo_v2,,ANXPE,0.005862376552994375
122,lh_posteriorcingulate_thickness,IDP (feature),-0.09986318857283186,0.9528317768468428,0.16815494879537551,hamd_total,,ANXPE,0.009972656431933014
123,lh_posteriorcingulate_thickness,IDP (feature),-0.11827165251357417,0.9922869780263421,0.10228861811119638,neo_v2,,ANXPE,0.013988183788291697
124,lh_posteriorcingulate_volume,IDP (feature),0.10837130858486174,0.9528317768468428,0.13459077124823482,hamd_total,,ANXPE,0.011744340524395214
125,lh_posteriorcingulate_volume,IDP (feature),0.04621046590165373,0.9922869780263421,0.524470195673274,neo_v2,,ANXPE,0.0021354071588478574
126,lh_precentral_area,IDP (feature),0.07841906225860779,0.9528317768468428,0.27961849784591486,hamd_total,,ANXPE,0.006149549325519255
127,lh_precentral_area,IDP (feature),0.05943278787011516,0.9922869780263421,0.4128597814987933,neo_v2,,ANXPE,0.0035322562740139896
128,lh_precentral_thickness,IDP (feature),-0.0024751743713425523,0.9887666978068957,0.9728188478422684,hamd_total,,ANXPE,6.126488168445299e-06
129,lh_precentral_thickness,IDP (feature),0.07427799935616244,0.9922869780263421,0.30587283434499235,neo_v2,,ANXPE,0.005517221188354071
130,lh_precentral_volume,IDP (feature),0.050120832946299355,0.9528317768468428,0.48994666077076854,hamd_total,,ANXPE,0.0025120978952308803
131,lh_precentral_volume,IDP (feature),0.07651523496411503,0.9922869780263421,0.29149386448129544,neo_v2,,ANXPE,0.005854581181613638
132,lh_precuneus_area,IDP (feature),0.032583752318384875,0.9528317768468428,0.6536736037462716,hamd_total,,ANXPE,0.0010617009151459023
133,lh_precuneus_area,IDP (feature),0.07351389560832829,0.9922869780263421,0.31088891696003706,neo_v2,,ANXPE,0.005404292847512204
134,lh_precuneus_thickness,IDP (feature),-0.05693691637560082,0.9528317768468428,0.43279025896790646,hamd_total,,ANXPE,0.0032418124463621245
135,lh_precuneus_thickness,IDP (feature),-0.00940023499217441,0.9922869780263421,0.8970365750068907,neo_v2,,ANXPE,8.836441790804894e-05
136,lh_precuneus_volume,IDP (feature),0.004411373661778956,0.979736585794144,0.9515766846138658,hamd_total,,ANXPE,1.9460217583811e-05
137,lh_precuneus_volume,IDP (feature),0.05717711031728778,0.9922869780263421,0.43084852831185905,neo_v2,,ANXPE,0.00326922194423529
138,lh_rostralanteriorcingulate_area,IDP (feature),0.045886237823778556,0.9528317768468428,0.5273872150737118,hamd_total,,ANXPE,0.002105546821620341
139,lh_rostralanteriorcingulate_area,IDP (feature),0.0070344472749218285,0.9922869780263421,0.9228559482075867,neo_v2,,ANXPE,4.948344846367192e-05
140,lh_rostralanteriorcingulate_thickness,IDP (feature),-0.09531657642456706,0.9528317768468428,0.18847056874570467,hamd_total,,ANXPE,0.009085249741300316
141,lh_rostralanteriorcingulate_thickness,IDP (feature),-0.007695499830032726,0.9922869780263421,0.9156321519463422,neo_v2,,ANXPE,5.922071763397874e-05
142,lh_rostralanteriorcingulate_volume,IDP (feature),-0.022403089897587804,0.9528317768468428,0.7577491060161252,hamd_total,,ANXPE,0.0005018984369592472
143,lh_rostralanteriorcingulate_volume,IDP (feature),-0.007322681060731134,0.9922869780263421,0.9197053990570898,neo_v2,,ANXPE,5.36216579172244e-05
144,lh_rostralmiddlefrontal_area,IDP (feature),-0.04654542668008331,0.9528317768468428,0.5214652518370158,hamd_total,,ANXPE,0.0021664767448310585
145,lh_rostralmiddlefrontal_area,IDP (feature),0.02292299211796302,0.9922869780263421,0.7523079235830366,neo_v2,,ANXPE,0.0005254635676402719
146,lh_rostralmiddlefrontal_thickness,IDP (feature),-0.08353167836503576,0.9528317768468428,0.24936008047171754,hamd_total,,ANXPE,0.006977541290479672
147,lh_rostralmiddlefrontal_thickness,IDP (feature),-0.04784549439676162,0.9922869780263421,0.5098861340861935,neo_v2,,ANXPE,0.0022891913340704617
148,lh_rostralmiddlefrontal_volume,IDP (feature),-0.0805129725356671,0.9528317768468428,0.26693925051343026,hamd_total,,ANXPE,0.006482338746529259
149,lh_rostralmiddlefrontal_volume,IDP (feature),-0.005961171558490386,0.9922869780263421,0.9345975991382889,neo_v2,,ANXPE,3.553556634994237e-05
150,lh_superiorfrontal_area,IDP (feature),0.030309775757800268,0.9528317768468428,0.6764312095754703,hamd_total,,ANXPE,0.0009186825064880777
151,lh_superiorfrontal_area,IDP (feature),-0.007865969182427629,0.9922869780263421,0.9137704073391857,neo_v2,,ANXPE,6.18734711790303e-05
152,lh_superiorfrontal_thickness,IDP (feature),-0.12176752206055352,0.9528317768468428,0.09247015073301967,hamd_total,,ANXPE,0.01482732942876741
153,lh_superiorfrontal_thickness,IDP (feature),-0.05447250525640187,0.9922869780263421,0.45300072942305114,neo_v2,,ANXPE,0.0029672538289086114
154,lh_superiorfrontal_volume,IDP (feature),-0.03606085640499958,0.9528317768468428,0.6194905005600986,hamd_total,,ANXPE,0.0013003853646620378
155,lh_superiorfrontal_volume,IDP (feature),-0.03249172734213226,0.9922869780263421,0.6545885761695027,neo_v2,,ANXPE,0.0010557123456754747
156,lh_superiorparietal_area,IDP (feature),0.036314882546425536,0.9528317768468428,0.6170237371587257,hamd_total,,ANXPE,0.0013187706943605937
157,lh_superiorparietal_area,IDP (feature),0.05500657797232939,0.9922869780263421,0.4485765068987222,neo_v2,,ANXPE,0.0030257236202256843
158,lh_superiorparietal_thickness,IDP (feature),-0.00639532846930361,0.979736585794144,0.929846072099626,hamd_total,,ANXPE,4.09002262301561e-05
159,lh_superiorparietal_thickness,IDP (feature),0.04936257376509892,0.9922869780263421,0.4965449206433916,neo_v2,,ANXPE,0.0024366636887147575
160,lh_superiorparietal_volume,IDP (feature),0.038497066540441396,0.9528317768468428,0.5960119003680724,hamd_total,,ANXPE,0.0014820241322189842
161,lh_superiorparietal_volume,IDP (feature),0.07672964159190712,0.9922869780263421,0.29013991780916415,neo_v2,,ANXPE,0.005887437898822512
162,lh_superiortemporal_area,IDP (feature),0.08992158561123478,0.9528317768468428,0.21483926883797366,hamd_total,,ANXPE,0.008085891558838543
163,lh_superiortemporal_area,IDP (feature),0.09907187997753389,0.9922869780263421,0.17156829922165495,neo_v2,,ANXPE,0.009815237402283072
164,lh_superiortemporal_thickness,IDP (feature),-0.132661095214678,0.9528317768468428,0.06660673719596022,hamd_total,,ANXPE,0.01759896618355794
165,lh_superiortemporal_thickness,IDP (feature),-0.06025832051111736,0.9922869780263421,0.4063882535511609,neo_v2,,ANXPE,0.0036310651908205704
166,lh_superiortemporal_volume,IDP (feature),0.014068278146724669,0.9528317768468428,0.8464323781944953,hamd_total,,ANXPE,0.00019791645001376867
167,lh_superiortemporal_volume,IDP (feature),0.049317139486778086,0.9922869780263421,0.4969417701490637,neo_v2,,ANXPE,0.0024321802471583
168,lh_supramarginal_area,IDP (feature),0.09267987256757726,0.9528317768468428,0.20104577386564948,hamd_total,,ANXPE,0.008589558779142359
169,lh_supramarginal_area,IDP (feature),0.10549331636802978,0.9922869780263421,0.1453153278319228,neo_v2,,ANXPE,0.01112883979832513
170,lh_supramarginal_thickness,IDP (feature),-0.08762538901914209,0.9528317768468428,0.22682786231414243,hamd_total,,ANXPE,0.007678208800755759
171,lh_supramarginal_thickness,IDP (feature),-0.022168810469351277,0.9922869780263421,0.760204938491732,neo_v2,,ANXPE,0.0004914561576260246
172,lh_supramarginal_volume,IDP (feature),0.0672159614818288,0.9528317768468428,0.3542703818473547,hamd_total,,ANXPE,0.004517985477926811
173,lh_supramarginal_volume,IDP (feature),0.0948154253888721,0.9922869780263421,0.19081529163955824,neo_v2,,ANXPE,0.008989964891672919
174,lh_transversetemporal_area,IDP (feature),0.04837971432387157,0.9528317768468428,0.5051670705241391,hamd_total,,ANXPE,0.00234059675805931
175,lh_transversetemporal_area,IDP (feature),0.10780233370991123,0.9922869780263421,0.1366613831318091,neo_v2,,ANXPE,0.011621343153302988
176,lh_transversetemporal_thickness,IDP (feature),-0.0552449963898917,0.9528317768468428,0.44660934945389075,hamd_total,,ANXPE,0.0030520096261191787
177,lh_transversetemporal_thickness,IDP (feature),0.008629562968223448,0.9922869780263421,0.905436883165716,neo_v2,,ANXPE,7.446935702248858e-05
178,lh_transversetemporal_volume,IDP (feature),0.06388797623192537,0.9528317768468428,0.37865520074424963,hamd_total,,ANXPE,0.004081673507010941
179,lh_transversetemporal_volume,IDP (feature),0.1435116298272073,0.9922869780263421,0.047048671893058724,neo_v2,,ANXPE,0.020595587895661516
180,lh_insula_area,IDP (feature),0.055872691293232184,0.9528317768468428,0.4414536851214841,hamd_total,,ANXPE,0.0031217576323488982
181,lh_insula_area,IDP (feature),0.053589438379625175,0.9922869780263421,0.46036933074491615,neo_v2,,ANXPE,0.002871827905843616
182,lh_insula_thickness,IDP (feature),0.05134634551575641,0.9528317768468428,0.4793821566501615,hamd_total,,ANXPE,0.0026364471978234105
183,lh_insula_thickness,IDP (feature),-0.009747747799149406,0.9922869780263421,0.8932523782312003,neo_v2,,ANXPE,9.501858715577072e-05
184,lh_insula_volume,IDP (feature),0.07764923907682517,0.9528317768468428,0.2843804817527864,hamd_total,,ANXPE,0.006029404329209953
185,lh_insula_volume,IDP (feature),0.04738399909355925,0.9922869780263421,0.5139811277044375,neo_v2,,ANXPE,0.0022452433700985708
186,rh_caudalanteriorcingulate_area,IDP (feature),-0.037213827583324005,0.9528317768468428,0.6083289057449568,hamd_total,,ANXPE,0.0013848689634013978
187,rh_caudalanteriorcingulate_area,IDP (feature),-0.0010315337044414063,0.9925747618294349,0.9886704054594924,neo_v2,,ANXPE,1.0640617834623e-06
188,rh_caudalanteriorcingulate_thickness,IDP (feature),-0.05378675388634387,0.9528317768468428,0.45871711783710456,hamd_total,,ANXPE,0.0028930148936300304
189,rh_caudalanteriorcingulate_thickness,IDP (feature),0.07483917410463453,0.9922869780263421,0.30222300697679794,neo_v2,,ANXPE,0.005600901980663653
190,rh_caudalanteriorcingulate_volume,IDP (feature),-0.09579627387452981,0.9528317768468428,0.1862460358064031,hamd_total,,ANXPE,0.009176926088243942
191,rh_caudalanteriorcingulate_volume,IDP (feature),0.03839306770651788,0.9922869780263421,0.5970059106698908,neo_v2,,ANXPE,0.0014740276479172643
192,rh_caudalmiddlefrontal_area,IDP (feature),0.1322622831780202,0.9528317768468428,0.06743632051445103,hamd_total,,ANXPE,0.01749331155146283
193,rh_caudalmiddlefrontal_area,IDP (feature),0.058475746259761034,0.9922869780263421,0.4204375439452961,neo_v2,,ANXPE,0.0034194129006360763
194,rh_caudalmiddlefrontal_thickness,IDP (feature),-0.05635136842782168,0.9528317768468428,0.43754483335003336,hamd_total,,ANXPE,0.00317547672368812
195,rh_caudalmiddlefrontal_thickness,IDP (feature),-0.00825196888728995,0.9922869780263421,0.9095565441113342,neo_v2,,ANXPE,6.809499051674273e-05
196,rh_caudalmiddlefrontal_volume,IDP (feature),0.09537422764121449,0.9528317768468428,0.18820219560857376,hamd_total,,ANXPE,0.009096243298158058
197,rh_caudalmiddlefrontal_volume,IDP (feature),0.05322771836225665,0.9922869780263421,0.4634067362632974,neo_v2,,ANXPE,0.002833190002051622
198,rh_cuneus_area,IDP (feature),-0.04658724411876809,0.9528317768468428,0.5210907243475984,hamd_total,,ANXPE,0.002170371314581643
199,rh_cuneus_area,IDP (feature),0.022529666213573205,0.9922869780263421,0.7564232775006081,neo_v2,,ANXPE,0.0005075858596949034
200,rh_cuneus_thickness,IDP (feature),-0.014598398803151112,0.9528317768468428,0.8407211256353166,hamd_total,,ANXPE,0.0002131132476156372
201,rh_cuneus_thickness,IDP (feature),0.04788125211923917,0.9922869780263421,0.5095695530415263,neo_v2,,ANXPE,0.002292614304505891
202,rh_cuneus_volume,IDP (feature),-0.005684874027012797,0.979736585794144,0.9376226864564354,hamd_total,,ANXPE,3.2317792702962755e-05
203,rh_cuneus_volume,IDP (feature),0.05387211324546991,0.9922869780263421,0.458003388046369,neo_v2,,ANXPE,0.0029022045855328082
204,rh_entorhinal_area,IDP (feature),0.1031114233748907,0.9528317768468428,0.15467228047563886,hamd_total,,ANXPE,0.010631965630395812
205,rh_entorhinal_area,IDP (feature),0.01936656979999392,0.9922869780263421,0.7897588758568639,neo_v2,,ANXPE,0.0003750640258179949
206,rh_entorhinal_thickness,IDP (feature),-0.011112539800892345,0.9610890855929124,0.8784147556494359,hamd_total,,ANXPE,0.00012348854082622207
207,rh_entorhinal_thickness,IDP (feature),-0.025512612194382035,0.9922869780263421,0.7253918969111304,neo_v2,,ANXPE,0.0006508933809808992
208,rh_entorhinal_volume,IDP (feature),0.09477663550650331,0.9528317768468428,0.19099766117489825,hamd_total,,ANXPE,0.008982610637932487
209,rh_entorhinal_volume,IDP (feature),0.007860862114769085,0.9922869780263421,0.9138261763183126,neo_v2,,ANXPE,6.179315318743939e-05
210,rh_fusiform_area,IDP (feature),0.06105610462441558,0.9528317768468428,0.40019169350672,hamd_total,,ANXPE,0.0037278479119073893
211,rh_fusiform_area,IDP (feature),0.07208471492658268,0.9922869780263421,0.32041473547953037,neo_v2,,ANXPE,0.005196206126046654
212,rh_fusiform_thickness,IDP (feature),-0.028894462323937997,0.9528317768468428,0.6907466088200547,hamd_total,,ANXPE,0.000834889952989526
213,rh_fusiform_thickness,IDP (feature),-0.0032224462597712114,0.9922869780263421,0.9646173937629889,neo_v2,,ANXPE,1.0384159897069978e-05
214,rh_fusiform_volume,IDP (feature),0.04783387716613831,0.9528317768468428,0.5099890092239754,hamd_total,,ANXPE,0.0022880798047451023
215,rh_fusiform_volume,IDP (feature),0.05766532561166537,0.9922869780263421,0.42691728063797485,neo_v2,,ANXPE,0.003325289777899698
216,rh_inferiorparietal_area,IDP (feature),0.02446829300339051,0.9528317768468428,0.7362080324628808,hamd_total,,ANXPE,0.0005986973624997338
217,rh_inferiorparietal_area,IDP (feature),0.041880366721512685,0.9922869780263421,0.5640913984498002,neo_v2,,ANXPE,0.0017539651167283177
218,rh_inferiorparietal_thickness,IDP (feature),-0.03937476621373024,0.9528317768468428,0.5876529145298646,hamd_total,,ANXPE,0.001550372214385809
219,rh_inferiorparietal_thickness,IDP (feature),0.026393435498956078,0.9922869780263421,0.7163110684856724,neo_v2,,ANXPE,0.0006966134374375432
220,rh_inferiorparietal_volume,IDP (feature),0.014461932098702647,0.9528317768468428,0.8421905668911442,hamd_total,,ANXPE,0.00020914748002742733
221,rh_inferiorparietal_volume,IDP (feature),0.055423788430410965,0.9922869780263421,0.44513736244527324,neo_v2,,ANXPE,0.003071796323979026
222,rh_inferiortemporal_area,IDP (feature),-0.019772207167630337,0.9528317768468428,0.7854610779564577,hamd_total,,ANXPE,0.0003909401762796083
223,rh_inferiortemporal_area,IDP (feature),-0.028815264227539515,0.9922869780263421,0.6915509791939645,neo_v2,,ANXPE,0.0008303194525031143
224,rh_inferiortemporal_thickness,IDP (feature),-0.02956666553506066,0.9528317768468428,0.6839334424491836,hamd_total,,ANXPE,0.0008741877108621177
225,rh_inferiortemporal_thickness,IDP (feature),-0.0642565537234598,0.9922869780263421,0.3759051699867819,neo_v2,,ANXPE,0.004128904696415803
226,rh_inferiortemporal_volume,IDP (feature),-0.021087800210360167,0.9528317768468428,0.7715673494443531,hamd_total,,ANXPE,0.00044469531771218485
227,rh_inferiortemporal_volume,IDP (feature),-0.05853412732932177,0.9922869780263421,0.419972980155338,neo_v2,,ANXPE,0.0034262440622051527
228,rh_isthmuscingulate_area,IDP (feature),0.043415194175055585,0.9528317768468428,0.5498851108563203,hamd_total,,ANXPE,0.0018848790852578068
229,rh_isthmuscingulate_area,IDP (feature),0.030542940828066117,0.9922869780263421,0.674083749620908,neo_v2,,ANXPE,0.0009328712344268686
230,rh_isthmuscingulate_thickness,IDP (feature),0.014191462016263657,0.9528317768468428,0.8451045318461337,hamd_total,,ANXPE,0.00020139759415893632
231,rh_isthmuscingulate_thickness,IDP (feature),-0.05903962971899211,0.9922869780263421,0.4159630063077251,neo_v2,,ANXPE,0.003485677877356097
232,rh_isthmuscingulate_volume,IDP (feature),0.06428880798439113,0.9528317768468428,0.37566509798166847,hamd_total,,ANXPE,0.004133050832053953
233,rh_isthmuscingulate_volume,IDP (feature),-0.0022014830556470353,0.9922869780263421,0.9758234223052498,neo_v2,,ANXPE,4.846527644430942e-06
234,rh_lateraloccipital_area,IDP (feature),0.08699127892181456,0.9528317768468428,0.23022044191931212,hamd_total,,ANXPE,0.007567482608452969
235,rh_lateraloccipital_area,IDP (feature),0.049142834421696244,0.9922869780263421,0.4984658065998335,neo_v2,,ANXPE,0.002415018174998229
236,rh_lateraloccipital_thickness,IDP (feature),-0.03227473138423649,0.9528317768468428,0.6567481286474885,hamd_total,,ANXPE,0.0010416582859245072
237,rh_lateraloccipital_thickness,IDP (feature),0.03518714987154849,0.9922869780263421,0.6280071354113772,neo_v2,,ANXPE,0.0012381355160827612
238,rh_lateraloccipital_volume,IDP (feature),0.07111258949156135,0.9528317768468428,0.32700119713371323,hamd_total,,ANXPE,0.00505700038419532
239,rh_lateraloccipital_volume,IDP (feature),0.05872459072273146,0.9922869780263421,0.4184594615299426,neo_v2,,ANXPE,0.003448577555552279
240,rh_lateralorbitofrontal_area,IDP (feature),-0.005406580716043785,0.979736585794144,0.9406705279335226,hamd_total,,ANXPE,2.9231115039163313e-05
241,rh_lateralorbitofrontal_area,IDP (feature),0.02076657145166006,0.9922869780263421,0.7749532717794354,neo_v2,,ANXPE,0.00043125048985692693
242,rh_lateralorbitofrontal_thickness,IDP (feature),-0.013756171017750278,0.9528317768468428,0.8497986300490155,hamd_total,,ANXPE,0.00018923224106970338
243,rh_lateralorbitofrontal_thickness,IDP (feature),0.0374449454171635,0.9922869780263421,0.6061022556996876,neo_v2,,ANXPE,0.0014021239372943306
244,rh_lateralorbitofrontal_volume,IDP (feature),-0.016459095624312126,0.9528317768468428,0.8207425603654372,hamd_total,,ANXPE,0.0002709018287703202
245,rh_lateralorbitofrontal_volume,IDP (feature),0.05462190524376448,0.9922869780263421,0.4517606537072145,neo_v2,,ANXPE,0.002983552532458744
246,rh_lingual_area,IDP (feature),0.01228099734828012,0.9528317768468428,0.8657450015436368,hamd_total,,ANXPE,0.00015082289586831887
247,rh_lingual_area,IDP (feature),0.11451893042577653,0.9922869780263421,0.11372564033141574,neo_v2,,ANXPE,0.013114585425863856
248,rh_lingual_thickness,IDP (feature),-0.05284053722687502,0.9528317768468428,0.4666701800975279,hamd_total,,ANXPE,0.0027921223744246104
249,rh_lingual_thickness,IDP (feature),-0.001743140921098328,0.9922869780263421,0.9808558284999156,neo_v2,,ANXPE,3.03854027083883e-06
250,rh_lingual_volume,IDP (feature),-0.009632652986245563,0.972325547843972,0.8945054259450891,hamd_total,,ANXPE,9.278800355350114e-05
251,rh_lingual_volume,IDP (feature),0.0964742043261939,0.9922869780263421,0.18313513882359045,neo_v2,,ANXPE,0.009307272100372188
252,rh_medialorbitofrontal_area,IDP (feature),0.013016174564424233,0.9528317768468428,0.8577906659498615,hamd_total,,ANXPE,0.00016942080029158646
253,rh_medialorbitofrontal_area,IDP (feature),-0.0262213127579159,0.9922869780263421,0.7180824847995169,neo_v2,,ANXPE,0.0006875572427483823
254,rh_medialorbitofrontal_thickness,IDP (feature),-0.01973411620943285,0.9528317768468428,0.7858643845509534,hamd_total,,ANXPE,0.0003894353425673014
255,rh_medialorbitofrontal_thickness,IDP (feature),0.03615224916124445,0.9922869780263421,0.6186025243912656,neo_v2,,ANXPE,0.001306985119416626
256,rh_medialorbitofrontal_volume,IDP (feature),-0.012362574955587156,0.9528317768468428,0.8648616821167936,hamd_total,,ANXPE,0.00015283325953252547
257,rh_medialorbitofrontal_volume,IDP (feature),0.010574375910013194,0.9922869780263421,0.8842607536296554,neo_v2,,ANXPE,0.00011181742588628474
258,rh_middletemporal_area,IDP (feature),0.07638173839401623,0.9528317768468428,0.2923390009937932,hamd_total,,ANXPE,0.005834169960091895
259,rh_middletemporal_area,IDP (feature),0.05886577382372231,0.9922869780263421,0.4173396077195224,neo_v2,,ANXPE,0.0034651793278656084
260,rh_middletemporal_thickness,IDP (feature),0.016108346424173293,0.9528317768468428,0.824500203137402,hamd_total,,ANXPE,0.00025947882452115323
261,rh_middletemporal_thickness,IDP (feature),0.04432020245319515,0.9922869780263421,0.5415911796430644,neo_v2,,ANXPE,0.001964280345492231
262,rh_middletemporal_volume,IDP (feature),0.0795946500262209,0.9528317768468428,0.27245083093241607,hamd_total,,ANXPE,0.006335308312796606
263,rh_middletemporal_volume,IDP (feature),0.07358846747910874,0.9922869780263421,0.3103970202140056,neo_v2,,ANXPE,0.005415262545923949
264,rh_parahippocampal_area,IDP (feature),0.12347855410950832,0.9528317768468428,0.08794619024166161,hamd_total,,ANXPE,0.015246953324974721
265,rh_parahippocampal_area,IDP (feature),0.05706124161114267,0.9922869780263421,0.43178458567067146,neo_v2,,ANXPE,0.0032559852942051215
266,rh_parahippocampal_thickness,IDP (feature),-0.11315204835484598,0.9528317768468428,0.11813132893375489,hamd_total,,ANXPE,0.012803386046897458
267,rh_parahippocampal_thickness,IDP (feature),-0.05968669267821441,0.9922869780263421,0.4108629454646189,neo_v2,,ANXPE,0.003562501282863506
268,rh_parahippocampal_volume,IDP (feature),0.02254500993664122,0.9528317768468428,0.7562626073246572,hamd_total,,ANXPE,0.0005082774730432726
269,rh_parahippocampal_volume,IDP (feature),-0.007039898381738628,0.9922869780263421,0.9227963534024035,neo_v2,,ANXPE,4.956016922508244e-05
270,rh_paracentral_area,IDP (feature),0.01527476350799622,0.9528317768468428,0.8334464098598313,hamd_total,,ANXPE,0.0002333184002252242
271,rh_paracentral_area,IDP (feature),0.0654552966097069,0.9922869780263421,0.36704602171086265,neo_v2,,ANXPE,0.0042843958542647664
272,rh_paracentral_thickness,IDP (feature),0.0014951962532815841,0.9942695561729101,0.9835784856764271,hamd_total,,ANXPE,2.235611835654794e-06
273,rh_paracentral_thickness,IDP (feature),0.018451094343169012,0.9922869780263421,0.7994816589754663,neo_v2,,ANXPE,0.0003404428824604899
274,rh_paracentral_volume,IDP (feature),0.019862831100245264,0.9528317768468428,0.7845017826854446,hamd_total,,ANXPE,0.00039453205931694324
275,rh_paracentral_volume,IDP (feature),0.061058323063461685,0.9922869780263421,0.400174541358048,neo_v2,,ANXPE,0.00372811881532209
276,rh_parsopercularis_area,IDP (feature),0.04346297355377778,0.9528317768468428,0.5494456899263471,hamd_total,,ANXPE,0.0018890300701364104
277,rh_parsopercularis_area,IDP (feature),0.0016738007426523207,0.9922869780263421,0.981617225574446,neo_v2,,ANXPE,2.8016089259619292e-06
278,rh_parsopercularis_thickness,IDP (feature),0.017971931688698407,0.9528317768468428,0.8045830176306294,hamd_total,,ANXPE,0.0003229903286232627
279,rh_parsopercularis_thickness,IDP (feature),0.04583260253600528,0.9922869780263421,0.5278705519112057,neo_v2,,ANXPE,0.002100627455223547
280,rh_parsopercularis_volume,IDP (feature),0.05029107644881761,0.9528317768468428,0.48847168701592714,hamd_total,,ANXPE,0.0025291923703808505
281,rh_parsopercularis_volume,IDP (feature),0.023499672863950292,0.9922869780263421,0.7462867725529003,neo_v2,,ANXPE,0.0005522346247126553
282,rh_parsorbitalis_area,IDP (feature),0.035539635444396256,0.9528317768468428,0.6245652084963069,hamd_total,,ANXPE,0.0012630656875205482
283,rh_parsorbitalis_area,IDP (feature),0.06466205104550861,0.9922869780263421,0.3728938461950324,neo_v2,,ANXPE,0.004181180845411969
284,rh_parsorbitalis_thickness,IDP (feature),-0.029118042403510888,0.9528317768468428,0.688477703318847,hamd_total,,ANXPE,0.0008478603934126694
285,rh_parsorbitalis_thickness,IDP (feature),0.003004868824981517,0.9922869780263421,0.9670050034595301,neo_v2,,ANXPE,9.029236655466732e-06
286,rh_parsorbitalis_volume,IDP (feature),0.0003307143249623216,0.9963675725993282,0.9963675725993282,hamd_total,,ANXPE,1.0937196481819456e-07
287,rh_parsorbitalis_volume,IDP (feature),0.048785406166830414,0.9922869780263421,0.5015986766707106,neo_v2,,ANXPE,0.0023800158548625827
288,rh_parstriangularis_area,IDP (feature),0.12122902751315096,0.9528317768468428,0.09393166818946597,hamd_total,,ANXPE,0.014696477111784234
289,rh_parstriangularis_area,IDP (feature),0.05652842760562654,0.9922869780263421,0.4361039992712763,neo_v2,,ANXPE,0.0031954631275643575
290,rh_parstriangularis_thickness,IDP (feature),-0.07326925146125296,0.9528317768468428,0.3125062385595576,hamd_total,,ANXPE,0.005368383209692129
291,rh_parstriangularis_thickness,IDP (feature),-0.10781218980902947,0.9922869780263421,0.13662530846638932,neo_v2,,ANXPE,0.011623468271418247
292,rh_parstriangularis_volume,IDP (feature),0.06782249122988213,0.9528317768468428,0.34993464458723444,hamd_total,,ANXPE,0.004599890316627331
293,rh_parstriangularis_volume,IDP (feature),-0.003243034785893455,0.9922869780263421,0.9643914792943267,neo_v2,,ANXPE,1.05172746225346e-05
294,rh_pericalcarine_area,IDP (feature),-0.06450859174158213,0.9528317768468428,0.3740317253558847,hamd_total,,ANXPE,0.004161358408481974
295,rh_pericalcarine_area,IDP (feature),-0.024180080430434563,0.9922869780263421,0.739202343839449,neo_v2,,ANXPE,0.0005846762896223323
296,rh_pericalcarine_thickness,IDP (feature),-0.04570633356239277,0.9528317768468428,0.5290093142334191,hamd_total,,ANXPE,0.002089068927716653
297,rh_pericalcarine_thickness,IDP (feature),-0.0500957958940641,0.9922869780263421,0.49016377978492653,neo_v2,,ANXPE,0.0025095887662597294
298,rh_pericalcarine_volume,IDP (feature),-0.06687468098410022,0.9528317768468428,0.35672473833732976,hamd_total,,ANXPE,0.004472222956725114
299,rh_pericalcarine_volume,IDP (feature),-0.026915026016924692,0.9922869780263421,0.7109523505537263,neo_v2,,ANXPE,0.000724418625491996
300,rh_postcentral_area,IDP (feature),0.03748668599701102,0.9528317768468428,0.6057005019330455,hamd_total,,ANXPE,0.0014052516270384174
301,rh_postcentral_area,IDP (feature),-0.019505281854384243,0.9922869780263421,0.7882884765287415,neo_v2,,ANXPE,0.00038045602021896663
302,rh_postcentral_thickness,IDP (feature),-0.06402956226825406,0.9528317768468428,0.3775973487573512,hamd_total,,ANXPE,0.004099784844264209
303,rh_postcentral_thickness,IDP (feature),-0.006192041376647206,0.9922869780263421,0.9320706007958632,neo_v2,,ANXPE,3.8341376410122585e-05
304,rh_postcentral_volume,IDP (feature),-0.004245116106040908,0.979736585794144,0.9533995807996778,hamd_total,,ANXPE,1.802101075365492e-05
305,rh_postcentral_volume,IDP (feature),-0.01606705378835709,0.9922869780263421,0.8249428433983534,neo_v2,,ANXPE,0.0002581502174380246
306,rh_posteriorcingulate_area,IDP (feature),-0.055499623385832,0.9528317768468428,0.44451384638353497,hamd_total,,ANXPE,0.003080208195969214
307,rh_posteriorcingulate_area,IDP (feature),0.025806017587786223,0.9922869780263421,0.7223627099542012,neo_v2,,ANXPE,0.0006659505437410784
308,rh_posteriorcingulate_thickness,IDP (feature),0.013021454590915749,0.9528317768468428,0.8577335888690953,hamd_total,,ANXPE,0.00016955827966314008
309,rh_posteriorcingulate_thickness,IDP (feature),0.036219173703736784,0.9922869780263421,0.6179526326248195,neo_v2,,ANXPE,0.0013118285437814237
310,rh_posteriorcingulate_volume,IDP (feature),-0.044263341401469945,0.9528317768468428,0.5421104521621718,hamd_total,,ANXPE,0.0019592433920231356
311,rh_posteriorcingulate_volume,IDP (feature),0.03060275896386507,0.9922869780263421,0.6734820183461778,neo_v2,,ANXPE,0.0009365288562004359
312,rh_precentral_area,IDP (feature),0.05175984842599255,0.9528317768468428,0.4758455946347375,hamd_total,,ANXPE,0.0026790819090817264
313,rh_precentral_area,IDP (feature),0.057752233357590194,0.9922869780263421,0.4262196560594811,neo_v2,,ANXPE,0.0033353204577895035
314,rh_precentral_thickness,IDP (feature),0.04987099002399525,0.9528317768468428,0.49211557362941427,hamd_total,,ANXPE,0.00248711564597337
315,rh_precentral_thickness,IDP (feature),0.08923860769412184,0.9922869780263421,0.2183568000572107,neo_v2,,ANXPE,0.007963529103185318
316,rh_precentral_volume,IDP (feature),0.057724772712378324,0.9528317768468428,0.42644001642196994,hamd_total,,ANXPE,0.003332149384695726
317,rh_precentral_volume,IDP (feature),0.07942644593071212,0.9922869780263421,0.27346866835759,neo_v2,,ANXPE,0.006308560313184275
318,rh_precuneus_area,IDP (feature),0.06697632086884116,0.9528317768468428,0.3559926749846585,hamd_total,,ANXPE,0.004485827557125899
319,rh_precuneus_area,IDP (feature),0.07965744147774134,0.9922869780263421,0.27207152709188787,neo_v2,,ANXPE,0.00634530798277988
320,rh_precuneus_thickness,IDP (feature),-0.02858176482949574,0.9528317768468428,0.6939245085194399,hamd_total,,ANXPE,0.0008169172807686031
321,rh_precuneus_thickness,IDP (feature),0.03319060250915977,0.9922869780263421,0.6476528828168238,neo_v2,,ANXPE,0.0011016160949209874
322,rh_precuneus_volume,IDP (feature),0.060858511586841135,0.9528317768468428,0.4017211676045296,hamd_total,,ANXPE,0.0037037584325657624
323,rh_precuneus_volume,IDP (feature),0.09462065083799306,0.9922869780263421,0.19173230358568283,neo_v2,,ANXPE,0.008953067565005357
324,rh_rostralanteriorcingulate_area,IDP (feature),0.02793992811513756,0.9528317768468428,0.7004641040355062,hamd_total,,ANXPE,0.0007806395830791679
325,rh_rostralanteriorcingulate_area,IDP (feature),0.022869728904470397,0.9922869780263421,0.75286480871946,neo_v2,,ANXPE,0.0005230245001639489
326,rh_rostralanteriorcingulate_thickness,IDP (feature),-0.04412821949205233,0.9528317768468428,0.5433454142654779,hamd_total,,ANXPE,0.0019472997555387561
327,rh_rostralanteriorcingulate_thickness,IDP (feature),0.04376014022504149,0.9922869780263421,0.5467165483519452,neo_v2,,ANXPE,0.0019149498725150593
328,rh_rostralanteriorcingulate_volume,IDP (feature),-0.006625235761047428,0.979736585794144,0.9273309000781174,hamd_total,,ANXPE,4.389374888957853e-05
329,rh_rostralanteriorcingulate_volume,IDP (feature),0.030543618805925207,0.9922869780263421,0.6740769284477066,neo_v2,,ANXPE,0.0009329126497619189
330,rh_rostralmiddlefrontal_area,IDP (feature),-0.04481297181313656,0.9528317768468428,0.5371014027357797,hamd_total,,ANXPE,0.0020082024427249268
331,rh_rostralmiddlefrontal_area,IDP (feature),-0.03455743816325328,0.9922869780263421,0.6341760847285187,neo_v2,,ANXPE,0.001194216532407144
332,rh_rostralmiddlefrontal_thickness,IDP (feature),-0.1266459654486468,0.9528317768468428,0.0800400210684249,hamd_total,,ANXPE,0.016039200564419986
333,rh_rostralmiddlefrontal_thickness,IDP (feature),-0.06566026730278963,0.9922869780263421,0.36554424245203454,neo_v2,,ANXPE,0.004311270702273884
334,rh_rostralmiddlefrontal_volume,IDP (feature),-0.10040822038428932,0.9528317768468428,0.1658335138790923,hamd_total,,ANXPE,0.010081810720740103
335,rh_rostralmiddlefrontal_volume,IDP (feature),-0.06751036972327848,0.9922869780263421,0.3521616361307851,neo_v2,,ANXPE,0.004557650020173942
336,rh_superiorfrontal_area,IDP (feature),0.008710126020318062,0.9725308242872084,0.9045582397940164,hamd_total,,ANXPE,7.58662952896616e-05
337,rh_superiorfrontal_area,IDP (feature),0.014779225910606483,0.9922869780263421,0.8387748706598805,neo_v2,,ANXPE,0.00021842551851680714
338,rh_superiorfrontal_thickness,IDP (feature),-0.0996190720603095,0.9528317768468428,0.16920251911371542,hamd_total,,ANXPE,0.009923959518157166
339,rh_superiorfrontal_thickness,IDP (feature),-0.01672833485785545,0.9922869780263421,0.8178609110298294,neo_v2,,ANXPE,0.0002798371871165495
340,rh_superiorfrontal_volume,IDP (feature),-0.03520823003943262,0.9528317768468428,0.6278010664420022,hamd_total,,ANXPE,0.0012396194625096113
341,rh_superiorfrontal_volume,IDP (feature),0.0036902816591298936,0.9922869780263421,0.95948464436591,neo_v2,,ANXPE,1.3618178723584506e-05
342,rh_superiorparietal_area,IDP (feature),0.0341867297263774,0.9528317768468428,0.637819580584349,hamd_total,,ANXPE,0.0011687324893843165
343,rh_superiorparietal_area,IDP (feature),0.08752789062898178,0.9922869780263421,0.2273471785864143,neo_v2,,ANXPE,0.007661131637959007
344,rh_superiorparietal_thickness,IDP (feature),0.02746113832670396,0.9528317768468428,0.7053568515180202,hamd_total,,ANXPE,0.000754114118198479
345,rh_superiorparietal_thickness,IDP (feature),0.08862034878536763,0.9922869780263421,0.22157624432113932,neo_v2,,ANXPE,0.007853566218840258
346,rh_superiorparietal_volume,IDP (feature),0.05067448951347511,0.9528317768468428,0.4851585480398861,hamd_total,,ANXPE,0.002567903887451206
347,rh_superiorparietal_volume,IDP (feature),0.13230048999144448,0.9922869780263421,0.06735648158040286,neo_v2,,ANXPE,0.01750341965197655
348,rh_superiortemporal_area,IDP (feature),0.02019202366201499,0.9528317768468428,0.7810198728453579,hamd_total,,ANXPE,0.00040771781956738806
349,rh_superiortemporal_area,IDP (feature),0.13051199633938457,0.9922869780263421,0.07117745248681406,neo_v2,,ANXPE,0.017033381188491625
350,rh_superiortemporal_thickness,IDP (feature),-0.06296601003455768,0.9528317768468428,0.38558778991426523,hamd_total,,ANXPE,0.003964718419671942
351,rh_superiortemporal_thickness,IDP (feature),-0.048911119531403265,0.9922869780263421,0.5004956172727293,neo_v2,,ANXPE,0.0023922976138152086
352,rh_superiortemporal_volume,IDP (feature),-0.03070250465624811,0.9528317768468428,0.6724791030767334,hamd_total,,ANXPE,0.0009426437921670194
353,rh_superiortemporal_volume,IDP (feature),0.06379428218650471,0.9922869780263421,0.3793562245356614,neo_v2,,ANXPE,0.0040697104396913986
354,rh_supramarginal_area,IDP (feature),0.016149146554245698,0.9528317768468428,0.8240628967134089,hamd_total,,ANXPE,0.00026079493443043056
355,rh_supramarginal_area,IDP (feature),0.05298723760581801,0.9922869780263421,0.4654321964073831,neo_v2,,ANXPE,0.0028076473490952214
356,rh_supramarginal_thickness,IDP (feature),-0.03540457330407999,0.9528317768468428,0.6258830993360498,hamd_total,,ANXPE,0.0012534838108436697
357,rh_supramarginal_thickness,IDP (feature),0.011987662837426173,0.9922869780263421,0.8689225845106443,neo_v2,,ANXPE,0.00014370406030395078
358,rh_supramarginal_volume,IDP (feature),0.0032022304719016258,0.9860444785827127,0.9648392209787835,hamd_total,,ANXPE,1.0254279995125515e-05
359,rh_supramarginal_volume,IDP (feature),0.05194319743252274,0.9922869780263421,0.4742820208997145,neo_v2,,ANXPE,0.002698095759514074
360,rh_transversetemporal_area,IDP (feature),0.08113727869918347,0.9528317768468428,0.2632360303530097,hamd_total,,ANXPE,0.006583257994709046
361,rh_transversetemporal_area,IDP (feature),0.15508916112361135,0.9922869780263421,0.031717003128068466,neo_v2,,ANXPE,0.024052647898025414
362,rh_transversetemporal_thickness,IDP (feature),0.020410874767511893,0.9528317768468428,0.7787074613610689,hamd_total,,ANXPE,0.0004166038087749513
363,rh_transversetemporal_thickness,IDP (feature),0.044310851460047374,0.9922869780263421,0.5416765588466217,neo_v2,,ANXPE,0.001963451557114304
364,rh_transversetemporal_volume,IDP (feature),0.06696882634929117,0.9528317768468428,0.35604662230002937,hamd_total,,ANXPE,0.004484823702601282
365,rh_transversetemporal_volume,IDP (feature),0.19225734629159152,0.7227772814368567,0.007549738451889221,neo_v2,,ANXPE,0.03696288720308483
366,rh_insula_area,IDP (feature),0.06428548706250213,0.9528317768468428,0.3756898116290661,hamd_total,,ANXPE,0.004132623846863415
367,rh_insula_area,IDP (feature),0.036560645570975284,0.9922869780263421,0.6146412873386338,neo_v2,,ANXPE,0.0013366808045663925
368,rh_insula_thickness,IDP (feature),-0.0340325918507782,0.9528317768468428,0.6393370850997551,hamd_total,,ANXPE,0.0011582173080817437
369,rh_insula_thickness,IDP (feature),-0.019024542939465296,0.9922869780263421,0.7933876523450647,neo_v2,,ANXPE,0.0003619332340556447
370,rh_insula_volume,IDP (feature),0.07063193397297028,0.9528317768468428,0.3302897910747977,hamd_total,,ANXPE,0.004988870096762188
371,rh_insula_volume,IDP (feature),0.03971387299922846,0.9922869780263421,0.5844378218368094,neo_v2,,ANXPE,0.001577191708598824
